{"cameraMode":{"drawMode":0,"name":"Shaded","section":"Shading Mode"},"sceneLighting":false,"audioPlay":false,"sceneViewState":{"m_AlwaysRefresh":false,"showFog":true,"showSkybox":false,"showFlares":true,"showImageEffects":true,"showParticleSystems":true,"showVisualEffectGraphs":true,"m_FxEnabled":true},"in2DMode":false,"pivot":{"x":6.249940872192383,"y":10.887985229492188,"z":11.990612030029297},"rotation":{"x":0.6220242381095886,"y":0.01056952215731144,"z":-0.008397822268307209,"w":0.7828810811042786},"size":31.525096893310548,"orthographic":false}