{"cameraMode":{"drawMode":0,"name":"Shaded","section":"Shading Mode"},"sceneLighting":false,"audioPlay":false,"sceneViewState":{"m_AlwaysRefresh":false,"showFog":true,"showSkybox":false,"showFlares":true,"showImageEffects":true,"showParticleSystems":true,"showVisualEffectGraphs":true,"m_FxEnabled":true},"in2DMode":false,"pivot":{"x":296.7867736816406,"y":1.3773225545883179,"z":1.2534308433532715},"rotation":{"x":0.15262816846370698,"y":-0.6866769194602966,"z":0.15089626610279084,"w":0.6945617198944092},"size":4.4509501457214359,"orthographic":false}